Hit_res,efficency_err,mean,rms,n
0.0,0.0,1.0,0.0,3
0.0,0.02,1.0,0.0,3
0.0,0.04,1.0,0.0,3
0.0,0.1,1.0,0.0,3
0.0006000000000000001,0.0,1.0,0.0,3
0.0006000000000000001,0.02,1.0,0.0,3
0.0006000000000000001,0.04,1.0,0.0,3
0.0006000000000000001,0.1,1.0,0.0,3
0.002,0.0,1.0,0.0,3
0.002,0.02,1.0,0.0,3
0.002,0.04,1.0,0.0,3
0.002,0.1,1.0,0.0,3
0.004,0.0,1.0,0.0,3
0.004,0.02,1.0,0.0,3
0.004,0.04,1.0,0.0,3
0.004,0.1,1.0,0.0,3
